Date,BTC High,Positive,#Pos/#Neg,"BTC High / $10,000",Date Import,Negative w/0,Negative,Positive w/0,Positive
6/2/2021,38231.33984,1063,4.026515152,3.823133984,6/2/2021,0,264,0,1063
6/3/2021,39478.95313,1063,4.026515152,3.947895313,6/3/2021,0,264,0,1063
6/4/2021,39242.48438,1063,4.026515152,3.924248438,6/4/2021,0,264,0,1063
6/5/2021,37917.71484,1063,4.026515152,3.791771484,6/5/2021,0,264,0,1063
6/6/2021,36436.42188,1063,4.026515152,3.643642188,6/6/2021,0,264,0,1063
6/7/2021,36790.57031,1063,4.026515152,3.679057031,6/7/2021,0,264,0,1063
6/8/2021,34017.38672,1063,4.026515152,3.401738672,6/8/2021,0,264,0,1063
6/9/2021,37537.37109,1063,4.026515152,3.753737109,6/9/2021,0,264,0,1063
6/10/2021,38334.32422,1063,4.026515152,3.833432422,6/10/2021,0,264,0,1063
6/11/2021,37608.69531,1063,4.026515152,3.760869531,6/11/2021,0,264,0,1063
6/12/2021,37408.92578,1063,4.026515152,3.740892578,6/12/2021,0,264,0,1063
6/13/2021,39322.78125,1063,4.026515152,3.932278125,6/13/2021,0,264,0,1063
6/14/2021,40978.36328,1063,4.026515152,4.097836328,6/14/2021,0,264,0,1063
6/15/2021,41295.26953,1063,4.026515152,4.129526953,6/15/2021,0,264,0,1063
6/16/2021,40516.77734,1063,4.026515152,4.051677734,6/16/2021,0,264,0,1063
6/17/2021,39513.67188,1063,4.026515152,3.951367188,6/17/2021,0,264,0,1063
6/18/2021,38187.26172,1063,4.026515152,3.818726172,6/18/2021,0,264,0,1063
6/19/2021,36457.79688,1063,4.026515152,3.645779688,6/19/2021,0,264,0,1063
6/20/2021,36059.48438,1063,4.026515152,3.605948438,6/20/2021,264,264,1063,1063
6/21/2021,35721.64063,4621,2.857761286,3.572164063,6/21/2021,1617,1617,4621,4621
6/22/2021,33292.45313,4970,2.476332835,3.329245313,6/22/2021,2007,2007,4970,4970
6/23/2021,34753.41016,3241,2.59903769,3.475341016,6/23/2021,1247,1247,3241,3241
6/24/2021,35228.85156,3241,2.59903769,3.522885156,6/24/2021,0,1247,0,3241
6/25/2021,35487.24609,3241,2.59903769,3.548724609,6/25/2021,0,1247,0,3241
6/26/2021,32637.58789,3241,2.59903769,3.263758789,6/26/2021,0,1247,0,3241
6/27/2021,34656.12891,3241,2.59903769,3.465612891,6/27/2021,0,1247,0,3241
6/28/2021,35219.89063,3241,2.59903769,3.521989063,6/28/2021,0,1247,0,3241
6/29/2021,36542.10938,3241,2.59903769,3.654210938,6/29/2021,0,1247,0,3241
6/30/2021,36074.75781,3241,2.59903769,3.607475781,6/30/2021,0,1247,0,3241
7/1/2021,35035.98438,3241,2.59903769,3.503598438,7/1/2021,0,1247,0,3241
7/2/2021,33939.58984,2029,3.603907638,3.393958984,7/2/2021,563,563,2029,2029
7/3/2021,34909.26172,3205,4.457579972,3.490926172,7/3/2021,719,719,3205,3205
7/4/2021,35937.56641,2721,4.69137931,3.593756641,7/4/2021,580,580,2721,2721
7/5/2021,35284.34375,3150,4.906542056,3.528434375,7/5/2021,642,642,3150,3150
7/6/2021,35038.53516,3150,4.906542056,3.503853516,7/6/2021,0,642,0,3150
7/7/2021,34997.66406,3150,4.906542056,3.499766406,7/7/2021,0,642,0,3150
7/8/2021,33907.90625,3150,4.906542056,3.390790625,7/8/2021,0,642,0,3150
7/9/2021,34042.29297,3150,4.906542056,3.404229297,7/9/2021,0,642,0,3150
7/10/2021,34209.07031,3150,4.906542056,3.420907031,7/10/2021,0,642,0,3150
7/11/2021,34584.70313,3150,4.906542056,3.458470313,7/11/2021,0,642,0,3150
7/12/2021,34592.15625,3150,4.906542056,3.459215625,7/12/2021,0,642,0,3150
7/13/2021,33327.10156,3150,4.906542056,3.332710156,7/13/2021,0,642,0,3150
7/14/2021,33061.39844,3150,4.906542056,3.306139844,7/14/2021,0,642,0,3150
7/15/2021,33159.64063,3150,4.906542056,3.315964063,7/15/2021,0,642,0,3150
7/16/2021,32218.40625,110,2.75,3.221840625,7/16/2021,40,40,110,110
7/17/2021,31935.94531,1728,3.555555556,3.193594531,7/17/2021,486,486,1728,1728
7/18/2021,32398.99609,3383,5.118003026,3.239899609,7/18/2021,661,661,3383,3383
7/19/2021,31885.85938,3503,3.95819209,3.188585938,7/19/2021,885,885,3503,3503
7/20/2021,31006.1875,3353,2.64640884,3.10061875,7/20/2021,1267,1267,3353,3353
7/21/2021,32752.32617,4505,3.924216028,3.275232617,7/21/2021,1148,1148,4505,4505
7/22/2021,32576.40039,3721,4.48854041,3.257640039,7/22/2021,829,829,3721,3721
7/23/2021,33581.55078,5132,4.565836299,3.358155078,7/23/2021,1124,1124,5132,5132
7/24/2021,34490.39063,3946,4.389321468,3.449039063,7/24/2021,899,899,3946,3946
7/25/2021,35364.92578,1468,4.909698997,3.536492578,7/25/2021,299,299,1468,1468
7/26/2021,40499.67578,3655,4.912634409,4.049967578,7/26/2021,744,744,3655,3655
7/27/2021,39406.94141,1685,3.752783964,3.940694141,7/27/2021,449,449,1685,1685
7/28/2021,40816.07031,1888,3.746031746,4.081607031,7/28/2021,504,504,1888,1888
7/29/2021,40593.07031,2633,5.674568966,4.059307031,7/29/2021,464,464,2633,2633
7/30/2021,42235.54688,4522,3.908383751,4.223554688,7/30/2021,1157,1157,4522,4522
7/31/2021,42231.44922,4522,3.908383751,4.223144922,7/31/2021,0,1157,0,4522
8/1/2021,42541.67969,4522,3.908383751,4.254167969,8/1/2021,0,1157,0,4522
8/2/2021,40419.17969,4522,3.908383751,4.041917969,8/2/2021,0,1157,0,4522
8/3/2021,39750.03125,4522,3.908383751,3.975003125,8/3/2021,0,1157,0,4522
8/4/2021,39952.29688,204,3.044776119,3.995229688,8/4/2021,67,67,204,204
8/5/2021,41341.93359,1581,4.106493506,4.134193359,8/5/2021,385,385,1581,1581
8/6/2021,43271.66016,1956,3.690566038,4.327166016,8/6/2021,530,530,1956,1956
8/7/2021,44689.85938,1680,5.169230769,4.468985938,8/7/2021,325,325,1680,1680
8/8/2021,45282.35156,4294,5.307787392,4.528235156,8/8/2021,809,809,4294,4294
8/9/2021,46456.83203,6827,4.612837838,4.645683203,8/9/2021,1480,1480,6827,6827
8/10/2021,46637.98828,6827,4.612837838,4.663798828,8/10/2021,0,1480,0,6827
8/11/2021,46735.63281,6827,4.612837838,4.673563281,8/11/2021,0,1480,0,6827
8/12/2021,46228.91016,6827,4.612837838,4.622891016,8/12/2021,0,1480,0,6827
8/13/2021,47831.97656,6827,4.612837838,4.783197656,8/13/2021,0,1480,0,6827
8/14/2021,48098.68359,1683,5.325949367,4.809868359,8/14/2021,316,316,1683,1683
8/15/2021,47357.10547,3761,4.509592326,4.735710547,8/15/2021,834,834,3761,3761
8/16/2021,47998.09766,4123,5.109045849,4.799809766,8/16/2021,807,807,4123,4123
8/17/2021,47139.57031,4529,5.088764045,4.713957031,8/17/2021,890,890,4529,4529
8/18/2021,45952.0625,4842,5.309210526,4.59520625,8/18/2021,912,912,4842,4842
8/19/2021,46970.76172,4005,4.256110521,4.697076172,8/19/2021,941,941,4005,4005
8/20/2021,49342.15234,4719,4.920750782,4.934215234,8/20/2021,959,959,4719,4719
8/21/2021,49717.01953,1317,5.289156627,4.971701953,8/21/2021,249,249,1317,1317
8/22/2021,49471.60938,1317,5.289156627,4.947160938,8/22/2021,0,249,0,1317
8/23/2021,50482.07813,1222,4.213793103,5.048207813,8/23/2021,290,290,1222,1222
8/24/2021,49878.76953,3287,4.819648094,4.987876953,8/24/2021,682,682,3287,3287
8/25/2021,49202.87891,6730,7.486095662,4.920287891,8/25/2021,899,899,6730,6730
8/26/2021,49347.58203,5110,5.696767001,4.934758203,8/26/2021,897,897,5110,5110
8/27/2021,49112.78516,5110,5.696767001,4.911278516,8/27/2021,0,897,0,5110
8/28/2021,49283.50391,5110,5.696767001,4.928350391,8/28/2021,0,897,0,5110
8/29/2021,49644.11328,5110,5.696767001,4.964411328,8/29/2021,0,897,0,5110
8/30/2021,48925.60547,5110,5.696767001,4.892560547,8/30/2021,0,897,0,5110
8/31/2021,48189.55078,5110,5.696767001,4.818955078,8/31/2021,0,897,0,5110
9/1/2021,49111.08984,5110,5.696767001,4.911108984,9/1/2021,0,897,0,5110
9/2/2021,50343.42188,5110,5.696767001,5.034342188,9/2/2021,0,897,0,5110
9/3/2021,50982.27344,5110,5.696767001,5.098227344,9/3/2021,0,897,0,5110
9/4/2021,50545.58203,5110,5.696767001,5.054558203,9/4/2021,0,897,0,5110
9/5/2021,51868.67969,5110,5.696767001,5.186867969,9/5/2021,0,897,0,5110
9/6/2021,52700.94141,5110,5.696767001,5.270094141,9/6/2021,0,897,0,5110
9/7/2021,52853.76563,5110,5.696767001,5.285376563,9/7/2021,0,897,0,5110
9/8/2021,47334.05469,5110,5.696767001,4.733405469,9/8/2021,0,897,0,5110
9/9/2021,47261.94922,5110,5.696767001,4.726194922,9/9/2021,0,897,0,5110
9/10/2021,47031.74219,2848,4.395061728,4.703174219,9/10/2021,648,648,2848,2848
9/11/2021,45969.29297,2848,4.395061728,4.596929297,9/11/2021,0,648,0,2848
9/12/2021,46364.87891,2848,4.395061728,4.636487891,9/12/2021,0,648,0,2848
9/13/2021,46598.67969,2848,4.395061728,4.659867969,9/13/2021,0,648,0,2848
9/14/2021,47218.125,2848,4.395061728,4.7218125,9/14/2021,0,648,0,2848
9/15/2021,48450.46875,2848,4.395061728,4.845046875,9/15/2021,0,648,0,2848
9/16/2021,48486.82813,2848,4.395061728,4.848682813,9/16/2021,0,648,0,2848
9/17/2021,48160.92188,2848,4.395061728,4.816092188,9/17/2021,0,648,0,2848
9/18/2021,48791.78125,2848,4.395061728,4.879178125,9/18/2021,0,648,0,2848
9/19/2021,48328.36719,2848,4.395061728,4.832836719,9/19/2021,0,648,0,2848
9/20/2021,47328.19922,2848,4.395061728,4.732819922,9/20/2021,0,648,0,2848
9/21/2021,43607.60938,2848,4.395061728,4.360760938,9/21/2021,0,648,0,2848
9/22/2021,43978.62109,2848,4.395061728,4.397862109,9/22/2021,0,648,0,2848
9/23/2021,44942.17578,2848,4.395061728,4.494217578,9/23/2021,0,648,0,2848
9/24/2021,45080.49219,2848,4.395061728,4.508049219,9/24/2021,0,648,0,2848
9/25/2021,42996.25781,2848,4.395061728,4.299625781,9/25/2021,0,648,0,2848
9/26/2021,43919.30078,2848,4.395061728,4.391930078,9/26/2021,0,648,0,2848
9/27/2021,44313.24609,2848,4.395061728,4.431324609,9/27/2021,0,648,0,2848
9/28/2021,42775.14453,2848,4.395061728,4.277514453,9/28/2021,0,648,0,2848
9/29/2021,42545.25781,2848,4.395061728,4.254525781,9/29/2021,0,648,0,2848
9/30/2021,44092.60156,2848,4.395061728,4.409260156,9/30/2021,0,648,0,2848
10/1/2021,48436.01172,2848,4.395061728,4.843601172,10/1/2021,0,648,0,2848
10/2/2021,48282.0625,2848,4.395061728,4.82820625,10/2/2021,0,648,0,2848
10/3/2021,49130.69141,2848,4.395061728,4.913069141,10/3/2021,0,648,0,2848
10/4/2021,49456.77734,2848,4.395061728,4.945677734,10/4/2021,0,648,0,2848
10/5/2021,51839.98438,2848,4.395061728,5.183998438,10/5/2021,0,648,0,2848
10/6/2021,55568.46484,2848,4.395061728,5.556846484,10/6/2021,0,648,0,2848
10/7/2021,55338.625,2848,4.395061728,5.5338625,10/7/2021,0,648,0,2848
10/8/2021,55922.98047,2848,4.395061728,5.592298047,10/8/2021,0,648,0,2848
10/9/2021,55397.94531,2848,4.395061728,5.539794531,10/9/2021,0,648,0,2848
10/10/2021,56401.30469,2848,4.395061728,5.640130469,10/10/2021,0,648,0,2848
10/11/2021,57793.03906,2848,4.395061728,5.779303906,10/11/2021,0,648,0,2848
10/12/2021,57627.87891,2848,4.395061728,5.762787891,10/12/2021,0,648,0,2848
10/13/2021,57688.66016,2848,4.395061728,5.768866016,10/13/2021,0,648,0,2848
10/14/2021,58478.73438,2848,4.395061728,5.847873438,10/14/2021,0,648,0,2848
10/15/2021,62757.12891,2848,4.395061728,6.275712891,10/15/2021,0,648,0,2848
10/16/2021,62274.47656,2848,4.395061728,6.227447656,10/16/2021,0,648,0,2848
10/17/2021,61645.52344,2848,4.395061728,6.164552344,10/17/2021,0,648,0,2848
10/18/2021,62614.66016,2821,5.477669903,6.261466016,10/18/2021,515,515,2821,2821
10/19/2021,64434.53516,7318,4.467643468,6.443453516,10/19/2021,1638,1638,7318,7318
10/20/2021,66930.39063,3760,4.248587571,6.693039063,10/20/2021,885,885,3760,3760
10/21/2021,66600.54688,4936,3.756468798,6.660054688,10/21/2021,1314,1314,4936,4936
10/22/2021,63715.02344,6635,4.756272401,6.371502344,10/22/2021,1395,1395,6635,6635
10/23/2021,61743.87891,4670,4.957537155,6.174387891,10/23/2021,942,942,4670,4670
10/24/2021,61505.80469,4670,4.957537155,6.150580469,10/24/2021,0,942,0,4670
10/25/2021,63729.32422,4670,4.957537155,6.372932422,10/25/2021,0,942,0,4670
10/26/2021,63229.02734,4670,4.957537155,6.322902734,10/26/2021,0,942,0,4670
10/27/2021,61435.18359,2904,6.630136986,6.143518359,10/27/2021,438,438,2904,2904
10/28/2021,62128.63281,4531,5.293224299,6.212863281,10/28/2021,856,856,4531,4531
10/29/2021,62927.60938,4264,6.02259887,6.292760938,10/29/2021,708,708,4264,4264
10/30/2021,62330.14453,4264,6.02259887,6.233014453,10/30/2021,0,708,0,4264
10/31/2021,62406.17188,4264,6.02259887,6.240617188,10/31/2021,0,708,0,4264
11/1/2021,62419.00391,4264,6.02259887,6.241900391,11/1/2021,0,708,0,4264
11/2/2021,64242.79297,4264,6.02259887,6.424279297,11/2/2021,0,708,0,4264
11/3/2021,63516.9375,4264,6.02259887,6.35169375,11/3/2021,0,708,0,4264
11/4/2021,63123.28906,3166,5.787934186,6.312328906,11/4/2021,547,547,3166,3166
11/5/2021,62541.46875,4231,5.091456077,6.254146875,11/5/2021,831,831,4231,4231
11/6/2021,61590.68359,5674,5.476833977,6.159068359,11/6/2021,1036,1036,5674,5674
11/7/2021,63326.98828,5674,5.476833977,6.332698828,11/7/2021,0,1036,0,5674
11/8/2021,67673.74219,5674,5.476833977,6.767374219,11/8/2021,0,1036,0,5674
11/9/2021,68530.33594,5674,5.476833977,6.853033594,11/9/2021,0,1036,0,5674
11/10/2021,68789.625,5674,5.476833977,6.8789625,11/10/2021,0,1036,0,5674
11/11/2021,65579.01563,2246,4.621399177,6.557901563,11/11/2021,486,486,2246,2246
11/12/2021,65460.81641,4810,4.647342995,6.546081641,11/12/2021,1035,1035,4810,4810
11/13/2021,64915.67578,4810,4.647342995,6.491567578,11/13/2021,0,1035,0,4810
11/14/2021,65495.17969,4810,4.647342995,6.549517969,11/14/2021,0,1035,0,4810
11/15/2021,66281.57031,4810,4.647342995,6.628157031,11/15/2021,0,1035,0,4810
11/16/2021,63721.19531,4810,4.647342995,6.372119531,11/16/2021,0,1035,0,4810
11/17/2021,60823.60938,4810,4.647342995,6.082360938,11/17/2021,0,1035,0,4810
11/18/2021,60948.5,4135,3.361788618,6.09485,11/18/2021,1230,1230,4135,4135
11/19/2021,58351.11328,6312,3.964824121,5.835111328,11/19/2021,1592,1592,6312,6312
11/20/2021,59859.87891,6312,3.964824121,5.985987891,11/20/2021,0,1592,0,6312
11/21/2021,60004.42578,6312,3.964824121,6.000442578,11/21/2021,0,1592,0,6312
11/22/2021,59266.35938,6312,3.964824121,5.926635938,11/22/2021,0,1592,0,6312
11/23/2021,57875.51563,6312,3.964824121,5.787551563,11/23/2021,0,1592,0,6312
11/24/2021,57803.06641,733,4.698717949,5.780306641,11/24/2021,156,156,733,733
11/25/2021,59367.96875,4864,6.110552764,5.936796875,11/25/2021,796,796,4864,4864
11/26/2021,59183.48047,7051,4.184569733,5.918348047,11/26/2021,1685,1685,7051,7051
11/27/2021,55329.25781,7051,4.184569733,5.532925781,11/27/2021,0,1685,0,7051
11/28/2021,57393.84375,7051,4.184569733,5.739384375,11/28/2021,0,1685,0,7051
11/29/2021,58872.87891,7051,4.184569733,5.887287891,11/29/2021,0,1685,0,7051
11/30/2021,59113.40234,7051,4.184569733,5.911340234,11/30/2021,0,1685,0,7051
12/1/2021,59041.68359,7051,4.184569733,5.904168359,12/1/2021,0,1685,0,7051
12/2/2021,57349.23438,7051,4.184569733,5.734923438,12/2/2021,0,1685,0,7051
12/3/2021,57482.16797,7051,4.184569733,5.748216797,12/3/2021,0,1685,0,7051
12/4/2021,53904.67969,7051,4.184569733,5.390467969,12/4/2021,0,1685,0,7051
12/5/2021,49768.14844,7051,4.184569733,4.976814844,12/5/2021,0,1685,0,7051
12/6/2021,50929.51953,7051,4.184569733,5.092951953,12/6/2021,0,1685,0,7051
12/7/2021,51934.78125,7051,4.184569733,5.193478125,12/7/2021,0,1685,0,7051
12/8/2021,51171.375,7051,4.184569733,5.1171375,12/8/2021,0,1685,0,7051
12/9/2021,50797.16406,7051,4.184569733,5.079716406,12/9/2021,0,1685,0,7051
12/10/2021,50015.25391,7051,4.184569733,5.001525391,12/10/2021,0,1685,0,7051
12/11/2021,49458.21094,672,4.226415094,4.945821094,12/11/2021,159,159,672,672
12/12/2021,50724.86719,672,4.226415094,5.072486719,12/12/2021,0,159,0,672
12/13/2021,50205,672,4.226415094,5.0205,12/13/2021,0,159,0,672
12/14/2021,48431.39844,672,4.226415094,4.843139844,12/14/2021,0,159,0,672
12/15/2021,49473.95703,672,4.226415094,4.947395703,12/15/2021,0,159,0,672
12/16/2021,49425.57422,672,4.226415094,4.942557422,12/16/2021,0,159,0,672
12/17/2021,48004.89453,2426,4.029900332,4.800489453,12/17/2021,602,602,2426,2426
12/18/2021,47313.82813,2426,4.029900332,4.731382813,12/18/2021,0,602,0,2426
12/19/2021,48089.66406,2426,4.029900332,4.808966406,12/19/2021,0,602,0,2426
12/20/2021,47401.71875,2426,4.029900332,4.740171875,12/20/2021,0,602,0,2426
12/21/2021,49300.91797,2426,4.029900332,4.930091797,12/21/2021,0,602,0,2426
12/22/2021,49544.79688,2426,4.029900332,4.954479688,12/22/2021,0,602,0,2426
12/23/2021,51332.33984,2426,4.029900332,5.133233984,12/23/2021,0,602,0,2426
12/24/2021,51814.02734,2426,4.029900332,5.181402734,12/24/2021,0,602,0,2426
12/25/2021,51176.59766,2426,4.029900332,5.117659766,12/25/2021,0,602,0,2426
12/26/2021,51196.37891,2426,4.029900332,5.119637891,12/26/2021,0,602,0,2426
12/27/2021,51956.32813,2426,4.029900332,5.195632813,12/27/2021,0,602,0,2426
12/28/2021,50679.85938,2426,4.029900332,5.067985938,12/28/2021,0,602,0,2426
12/29/2021,48119.74219,439,3.784482759,4.811974219,12/29/2021,116,116,439,439
12/30/2021,47879.96484,2899,4.048882682,4.787996484,12/30/2021,716,716,2899,2899
12/31/2021,48472.52734,2899,4.048882682,4.847252734,12/31/2021,0,716,0,2899
1/1/2022,47827.3125,2899,4.048882682,4.78273125,1/1/2022,0,716,0,2899
1/2/2022,47881.40625,2899,4.048882682,4.788140625,1/2/2022,0,716,0,2899
1/3/2022,47510.72656,2899,4.048882682,4.751072656,1/3/2022,0,716,0,2899
1/4/2022,47406.54688,2899,4.048882682,4.740654688,1/4/2022,0,716,0,2899
1/5/2022,46929.04688,2899,4.048882682,4.692904688,1/5/2022,0,716,0,2899
1/6/2022,43748.71875,2899,4.048882682,4.374871875,1/6/2022,0,716,0,2899
1/7/2022,43153.57031,2899,4.048882682,4.315357031,1/7/2022,0,716,0,2899
1/8/2022,42228.94141,2899,4.048882682,4.222894141,1/8/2022,0,716,0,2899
1/9/2022,42663.94922,2899,4.048882682,4.266394922,1/9/2022,0,716,0,2899
1/10/2022,42199.48438,2899,4.048882682,4.219948438,1/10/2022,0,716,0,2899
1/11/2022,43001.15625,1423,4.351681957,4.300115625,1/11/2022,327,327,1423,1423
1/12/2022,44135.36719,5391,5.859782609,4.413536719,1/12/2022,920,920,5391,5391
1/13/2022,44278.42188,5243,4.615316901,4.427842188,1/13/2022,1136,1136,5243,5243
1/14/2022,43346.6875,3688,4.644836272,4.33466875,1/14/2022,794,794,3688,3688
1/15/2022,43724.67188,3688,4.644836272,4.372467188,1/15/2022,0,794,0,3688
1/16/2022,43436.80859,3688,4.644836272,4.343680859,1/16/2022,0,794,0,3688
1/17/2022,43179.39063,3688,4.644836272,4.317939063,1/17/2022,0,794,0,3688
1/18/2022,42534.40234,3688,4.644836272,4.253440234,1/18/2022,0,794,0,3688
1/19/2022,42478.30469,397,3.393162393,4.247830469,1/19/2022,117,117,397,397
1/20/2022,43413.02344,2517,3.481327801,4.341302344,1/20/2022,723,723,2517,2517
1/21/2022,41060.52734,4085,2.54358655,4.106052734,1/21/2022,1606,1606,4085,4085
1/22/2022,36688.8125,8133,2.586832061,3.66888125,1/22/2022,3144,3144,8133,8133
1/23/2022,36433.3125,8133,2.586832061,3.64333125,1/23/2022,0,3144,0,8133
1/24/2022,37247.51953,8133,2.586832061,3.724751953,1/24/2022,0,3144,0,8133
1/25/2022,37444.57031,8133,2.586832061,3.744457031,1/25/2022,0,3144,0,8133
1/26/2022,38825.41016,8133,2.586832061,3.882541016,1/26/2022,0,3144,0,8133
1/27/2022,37148.32422,8133,2.586832061,3.714832422,1/27/2022,0,3144,0,8133
1/28/2022,37952.87891,8133,2.586832061,3.795287891,1/28/2022,0,3144,0,8133
1/29/2022,38576.26172,8133,2.586832061,3.857626172,1/29/2022,0,3144,0,8133
1/30/2022,38266.33984,8133,2.586832061,3.826633984,1/30/2022,0,3144,0,8133
1/31/2022,38647.26172,8133,2.586832061,3.864726172,1/31/2022,0,3144,0,8133
2/1/2022,39115.13281,8133,2.586832061,3.911513281,2/1/2022,0,3144,0,8133
2/2/2022,38834.61719,8133,2.586832061,3.883461719,2/2/2022,0,3144,0,8133
2/3/2022,37154.60156,8133,2.586832061,3.715460156,2/3/2022,0,3144,0,8133
2/4/2022,41527.78516,8133,2.586832061,4.152778516,2/4/2022,0,3144,0,8133
2/5/2022,41847.16406,8133,2.586832061,4.184716406,2/5/2022,0,3144,0,8133
2/6/2022,42500.78516,8133,2.586832061,4.250078516,2/6/2022,0,3144,0,8133
2/7/2022,44401.86328,8133,2.586832061,4.440186328,2/7/2022,0,3144,0,8133
2/8/2022,45293.86719,8133,2.586832061,4.529386719,2/8/2022,0,3144,0,8133
2/9/2022,44727.80078,3091,4.8296875,4.472780078,2/9/2022,640,640,3091,3091
2/10/2022,45661.17188,3091,4.8296875,4.566117188,2/10/2022,0,640,0,3091
2/11/2022,43810.83203,3091,4.8296875,4.381083203,2/11/2022,0,640,0,3091
2/12/2022,42992.55078,3091,4.8296875,4.299255078,2/12/2022,0,640,0,3091
2/13/2022,42693.05469,3091,4.8296875,4.269305469,2/13/2022,0,640,0,3091
2/14/2022,42775.77734,598,3.517647059,4.277577734,2/14/2022,170,170,598,598
2/15/2022,44667.21875,995,3.080495356,4.466721875,2/15/2022,323,323,995,995
2/16/2022,44578.27734,409,3.408333333,4.457827734,2/16/2022,120,120,409,409
2/17/2022,44132.97266,2202,3.54589372,4.413297266,2/17/2022,621,621,2202,2202
2/18/2022,40929.15234,2095,3.50921273,4.092915234,2/18/2022,597,597,2095,2095
2/19/2022,40418.87891,2095,3.50921273,4.041887891,2/19/2022,0,597,0,2095
2/20/2022,40119.89063,2095,3.50921273,4.011989063,2/20/2022,0,597,0,2095
2/21/2022,39394.4375,2095,3.50921273,3.93944375,2/21/2022,0,597,0,2095
2/22/2022,38359.85547,2095,3.50921273,3.835985547,2/22/2022,0,597,0,2095
2/23/2022,39122.39453,2095,3.50921273,3.912239453,2/23/2022,0,597,0,2095
2/24/2022,38968.83984,2095,3.50921273,3.896883984,2/24/2022,0,597,0,2095
2/25/2022,39630.32422,2095,3.50921273,3.963032422,2/25/2022,0,597,0,2095
2/26/2022,40005.34766,2095,3.50921273,4.000534766,2/26/2022,0,597,0,2095
2/27/2022,39778.94141,2095,3.50921273,3.977894141,2/27/2022,0,597,0,2095
2/28/2022,43760.45703,2095,3.50921273,4.376045703,2/28/2022,0,597,0,2095
3/1/2022,44793.60156,2095,3.50921273,4.479360156,3/1/2022,0,597,0,2095
3/2/2022,45077.57813,1021,4.167346939,4.507757813,3/2/2022,245,245,1021,1021
3/3/2022,44021.57813,1021,4.167346939,4.402157813,3/3/2022,0,245,0,1021
3/4/2022,42479.61328,1021,4.167346939,4.247961328,3/4/2022,0,245,0,1021
3/5/2022,39566.33594,1021,4.167346939,3.956633594,3/5/2022,0,245,0,1021
3/6/2022,39640.17578,989,3.789272031,3.964017578,3/6/2022,261,261,989,989
3/7/2022,39430.22656,2892,3.143478261,3.943022656,3/7/2022,920,920,2892,2892
3/8/2022,39304.44141,699,5.295454545,3.930444141,3/8/2022,132,132,699,699
3/9/2022,42465.67188,2030,4.43231441,4.246567188,3/9/2022,458,458,2030,2030
3/10/2022,42004.72656,3958,3.780324737,4.200472656,3/10/2022,1047,1047,3958,3958
3/11/2022,40081.67969,3958,3.780324737,4.008167969,3/11/2022,0,1047,0,3958
3/12/2022,39308.59766,3958,3.780324737,3.930859766,3/12/2022,0,1047,0,3958
3/13/2022,39209.35156,3958,3.780324737,3.920935156,3/13/2022,0,1047,0,3958
3/14/2022,39742.5,420,3.783783784,3.97425,3/14/2022,111,111,420,420
3/15/2022,39794.62891,3747,3.796352584,3.979462891,3/15/2022,987,987,3747,3747
3/16/2022,41465.45313,5290,4.325429272,4.146545313,3/16/2022,1223,1223,5290,5290
3/17/2022,41287.53516,2612,3.374677003,4.128753516,3/17/2022,774,774,2612,2612
3/18/2022,42195.74609,2418,3.072426938,4.219574609,3/18/2022,787,787,2418,2418
3/19/2022,42316.55469,2133,3.549084859,4.231655469,3/19/2022,601,601,2133,2133
3/20/2022,42241.16406,2406,4.773809524,4.224116406,3/20/2022,504,504,2406,2406
3/21/2022,41454.41016,3625,4.653401797,4.145441016,3/21/2022,779,779,3625,3625
3/22/2022,43124.70703,7,1.4,4.312470703,3/22/2022,5,5,7,7
3/23/2022,42893.50781,3346,4.71932299,4.289350781,3/23/2022,709,709,3346,3346
3/24/2022,44131.85547,6531,4.175831202,4.413185547,3/24/2022,1564,1564,6531,6531
3/25/2022,44999.49219,6531,4.175831202,4.499949219,3/25/2022,0,1564,0,6531
3/26/2022,44735.99609,6531,4.175831202,4.473599609,3/26/2022,0,1564,0,6531
3/27/2022,46827.54688,6531,4.175831202,4.682754688,3/27/2022,0,1564,0,6531
3/28/2022,48086.83594,6531,4.175831202,4.808683594,3/28/2022,0,1564,0,6531
3/29/2022,48022.28906,6531,4.175831202,4.802228906,3/29/2022,0,1564,0,6531
3/30/2022,47655.14844,6531,4.175831202,4.765514844,3/30/2022,0,1564,0,6531
3/31/2022,47512.02734,6531,4.175831202,4.751202734,3/31/2022,0,1564,0,6531
4/1/2022,46616.24219,6531,4.175831202,4.661624219,4/1/2022,0,1564,0,6531
4/2/2022,47028.28125,6531,4.175831202,4.702828125,4/2/2022,0,1564,0,6531
4/3/2022,47313.47656,6531,4.175831202,4.731347656,4/3/2022,0,1564,0,6531
4/4/2022,46791.08984,6531,4.175831202,4.679108984,4/4/2022,0,1564,0,6531
4/5/2022,47106.14063,6531,4.175831202,4.710614063,4/5/2022,0,1564,0,6531
4/6/2022,45544.35547,6531,4.175831202,4.554435547,4/6/2022,0,1564,0,6531
4/7/2022,43860.69922,6531,4.175831202,4.386069922,4/7/2022,0,1564,0,6531
4/8/2022,43903.01953,6531,4.175831202,4.390301953,4/8/2022,0,1564,0,6531
4/9/2022,42786.81641,6531,4.175831202,4.278681641,4/9/2022,0,1564,0,6531
4/10/2022,43376.37891,6531,4.175831202,4.337637891,4/10/2022,0,1564,0,6531
4/11/2022,42424.58984,6531,4.175831202,4.242458984,4/11/2022,0,1564,0,6531
4/12/2022,40617.58594,6531,4.175831202,4.061758594,4/12/2022,0,1564,0,6531
4/13/2022,41430.05469,2274,3.655948553,4.143005469,4/13/2022,622,622,2274,2274
4/14/2022,41451.48047,3414,3.801781737,4.145148047,4/14/2022,898,898,3414,3414
4/15/2022,40617.72266,5169,5.052785924,4.061772266,4/15/2022,1023,1023,5169,5169
4/16/2022,40633.67969,5658,5.715151515,4.063367969,4/16/2022,990,990,5658,5658
4/17/2022,40570.72656,1022,3.050746269,4.057072656,4/17/2022,335,335,1022,1022
4/18/2022,40986.32031,6576,4.007312614,4.098632031,4/18/2022,1641,1641,6576,6576
4/19/2022,41672.96094,6841,4.249068323,4.167296094,4/19/2022,1610,1610,6841,6841
4/20/2022,42126.30078,1325,4.064417178,4.212630078,4/20/2022,326,326,1325,1325
4/21/2022,42893.58203,3499,3.29472693,4.289358203,4/21/2022,1062,1062,3499,3499
4/22/2022,40777.75781,5178,4.0453125,4.077775781,4/22/2022,1280,1280,5178,5178
4/23/2022,39935.85938,5178,4.0453125,3.993585938,4/23/2022,0,1280,0,5178
4/24/2022,39845.92578,5178,4.0453125,3.984592578,4/24/2022,0,1280,0,5178
4/25/2022,40491.75391,5178,4.0453125,4.049175391,4/25/2022,0,1280,0,5178
4/26/2022,40713.89063,5178,4.0453125,4.071389063,4/26/2022,0,1280,0,5178
4/27/2022,39397.91797,224,2.545454545,3.939791797,4/27/2022,88,88,224,224
4/28/2022,40269.46484,2950,3.359908884,4.026946484,4/28/2022,878,878,2950,2950
4/29/2022,39887.26953,2609,3.147165259,3.988726953,4/29/2022,829,829,2609,2609
4/30/2022,38771.21094,4452,3.769686706,3.877121094,4/30/2022,1181,1181,4452,4452
5/1/2022,38627.85938,5662,4.07925072,3.862785938,5/1/2022,1388,1388,5662,5662
5/2/2022,39074.97266,4376,3.563517915,3.907497266,5/2/2022,1228,1228,4376,4376
5/3/2022,38629.99609,4376,3.563517915,3.862999609,5/3/2022,0,1228,0,4376
5/4/2022,39902.94922,4376,3.563517915,3.990294922,5/4/2022,0,1228,0,4376
5/5/2022,39789.28125,4376,3.563517915,3.978928125,5/5/2022,0,1228,0,4376
5/6/2022,36624.35938,4376,3.563517915,3.662435938,5/6/2022,0,1228,0,4376
5/7/2022,36129.92578,4376,3.563517915,3.612992578,5/7/2022,0,1228,0,4376
5/8/2022,35502.94141,4376,3.563517915,3.550294141,5/8/2022,0,1228,0,4376
5/9/2022,34222.07422,4376,3.563517915,3.422207422,5/9/2022,0,1228,0,4376
5/10/2022,32596.30859,1584,3.034482759,3.259630859,5/10/2022,522,522,1584,1584
5/11/2022,32013.40234,1949,2.032325339,3.201340234,5/11/2022,959,959,1949,1949
5/12/2022,30032.43945,4557,1.984756098,3.003243945,5/12/2022,2296,2296,4557,4557
5/13/2022,30924.80273,4543,2.639744335,3.092480273,5/13/2022,1721,1721,4543,4543
5/14/2022,30192.80273,4543,2.639744335,3.019280273,5/14/2022,0,1721,0,4543
5/15/2022,31308.19141,4543,2.639744335,3.130819141,5/15/2022,0,1721,0,4543
5/16/2022,31305.3418,4543,2.639744335,3.13053418,5/16/2022,0,1721,0,4543
5/17/2022,30694.49023,4543,2.639744335,3.069449023,5/17/2022,0,1721,0,4543
5/18/2022,30618.7168,4543,2.639744335,3.06187168,5/18/2022,0,1721,0,4543
5/19/2022,30430.75195,4543,2.639744335,3.043075195,5/19/2022,0,1721,0,4543
5/20/2022,30664.97656,4543,2.639744335,3.066497656,5/20/2022,0,1721,0,4543
5/21/2022,29588.86914,4543,2.639744335,2.958886914,5/21/2022,0,1721,0,4543
5/22/2022,30425.86133,2236,3.909090909,3.042586133,5/22/2022,572,572,2236,2236
5/23/2022,30590.58594,567,3.296511628,3.059058594,5/23/2022,172,172,567,567
5/24/2022,29774.35547,2124,3.064935065,2.977435547,5/24/2022,693,693,2124,2124
5/25/2022,30157.78516,1433,2.39632107,3.015778516,5/25/2022,598,598,1433,1433
5/26/2022,29834.16016,2086,1.8625,2.983416016,5/26/2022,1120,1120,2086,2086
5/27/2022,29346.94336,1390,2.447183099,2.934694336,5/27/2022,568,568,1390,1390
5/28/2022,28814.90039,527,2.927777778,2.881490039,5/28/2022,180,180,527,527
5/29/2022,29498.00977,1852,3.330935252,2.949800977,5/29/2022,556,556,1852,1852
5/30/2022,31949.63086,2144,2.936986301,3.194963086,5/30/2022,730,730,2144,2144
5/31/2022,32249.86328,2246,2.898064516,3.224986328,5/31/2022,775,775,2246,2246
6/1/2022,31957.28516,2543,2.608205128,3.195728516,6/1/2022,975,975,2543,2543
6/2/2022,30604.73438,1174,2.94235589,3.060473438,6/2/2022,399,399,1174,1174
6/3/2022,30633.03516,3144,2.655405405,3.063303516,6/3/2022,1184,1184,3144,3144
6/4/2022,29930.56445,769,3.300429185,2.993056445,6/4/2022,233,233,769,769
6/5/2022,30117.74414,769,3.300429185,3.011774414,6/5/2022,0,233,0,769
6/6/2022,31693.29102,769,3.300429185,3.169329102,6/6/2022,0,233,0,769
6/7/2022,31489.68359,769,3.300429185,3.148968359,6/7/2022,0,233,0,769
6/8/2022,31253.69141,769,3.300429185,3.125369141,6/8/2022,0,233,0,769
6/9/2022,30609.31055,769,3.300429185,3.060931055,6/9/2022,0,233,0,769
6/10/2022,30245.80859,769,3.300429185,3.024580859,6/10/2022,0,233,0,769
6/11/2022,29401.91602,769,3.300429185,2.940191602,6/11/2022,0,233,0,769
6/12/2022,28502.68555,769,3.300429185,2.850268555,6/12/2022,0,233,0,769
6/13/2022,26795.58984,769,3.300429185,2.679558984,6/13/2022,0,233,0,769
6/14/2022,23018.95117,1708,1.651837524,2.301895117,6/14/2022,1034,1034,1708,1708
6/15/2022,22642.67188,5515,1.776739691,2.264267188,6/15/2022,3104,3104,5515,5515
6/16/2022,22868.92188,5515,1.776739691,2.286892188,6/16/2022,0,3104,0,5515
6/17/2022,21243.3125,1749,1.699708455,2.12433125,6/17/2022,1029,1029,1749,1749
6/18/2022,20736.04102,2926,1.529534762,2.073604102,6/18/2022,1913,1913,2926,2926
6/19/2022,20683.82227,1456,1.850063532,2.068382227,6/19/2022,787,787,1456,1456
6/20/2022,20913.32227,1456,1.850063532,2.091332227,6/20/2022,0,787,0,1456
6/21/2022,21620.62891,1456,1.850063532,2.162062891,6/21/2022,0,787,0,1456
6/22/2022,20835.75,1456,1.850063532,2.083575,6/22/2022,0,787,0,1456
6/23/2022,21135.76172,2993,2.536440678,2.113576172,6/23/2022,1180,1180,2993,2993
6/24/2022,21472.91797,588,2.342629482,2.147291797,6/24/2022,251,251,588,588
6/25/2022,21520.91406,2656,2.637537239,2.152091406,6/25/2022,1007,1007,2656,2656
6/26/2022,21783.72461,3431,2.830858086,2.178372461,6/26/2022,1212,1212,3431,3431
6/27/2022,21478.08984,3431,2.830858086,2.147808984,6/27/2022,0,1212,0,3431
6/28/2022,21164.42383,965,2.093275488,2.116442383,6/28/2022,461,461,965,965
6/29/2022,20364.15625,3865,2.346690953,2.036415625,6/29/2022,1647,1647,3865,3865
6/30/2022,20141.16016,3865,2.346690953,2.014116016,6/30/2022,0,1647,0,3865
7/1/2022,20632.67188,3865,2.346690953,2.063267188,7/1/2022,0,1647,0,3865
7/2/2022,19371.74805,836,2.786666667,1.937174805,7/2/2022,300,300,836,836
7/3/2022,19558.26953,1519,2.966796875,1.955826953,7/3/2022,512,512,1519,1519
7/4/2022,20258.74805,1519,2.966796875,2.025874805,7/4/2022,0,512,0,1519
7/5/2022,20635.4668,1519,2.966796875,2.06354668,7/5/2022,0,512,0,1519
7/6/2022,20595.5293,1519,2.966796875,2.05955293,7/6/2022,0,512,0,1519
7/7/2022,21771.81641,1519,2.966796875,2.177181641,7/7/2022,0,512,0,1519
7/8/2022,22314.94141,1519,2.966796875,2.231494141,7/8/2022,0,512,0,1519
7/9/2022,21877.13867,1519,2.966796875,2.187713867,7/9/2022,0,512,0,1519
7/10/2022,21591.08008,1519,2.966796875,2.159108008,7/10/2022,0,512,0,1519
7/11/2022,20856.35352,732,2.642599278,2.085635352,7/11/2022,277,277,732,732
7/12/2022,20043.44531,1976,2.266055046,2.004344531,7/12/2022,872,872,1976,1976
7/13/2022,20223.05273,3517,2.66641395,2.022305273,7/13/2022,1319,1319,3517,3517
7/14/2022,20789.89453,4094,3.110942249,2.078989453,7/14/2022,1316,1316,4094,4094
7/15/2022,21138.24414,3716,3.288495575,2.113824414,7/15/2022,1130,1130,3716,3716
7/16/2022,21514.4043,3348,3.437371663,2.15144043,7/16/2022,974,974,3348,3348
7/17/2022,21600.64063,1530,2.698412698,2.160064063,7/17/2022,567,567,1530,1530
7/18/2022,22633.0332,1530,2.698412698,2.26330332,7/18/2022,0,567,0,1530
7/19/2022,23666.96289,1530,2.698412698,2.366696289,7/19/2022,0,567,0,1530
7/20/2022,24196.81836,1530,2.698412698,2.419681836,7/20/2022,0,567,0,1530
7/21/2022,23388.32227,1530,2.698412698,2.338832227,7/21/2022,0,567,0,1530
7/22/2022,23671.92773,1530,2.698412698,2.367192773,7/22/2022,0,567,0,1530
7/23/2022,22977.21094,1530,2.698412698,2.297721094,7/23/2022,0,567,0,1530
7/24/2022,22974.00195,1530,2.698412698,2.297400195,7/24/2022,0,567,0,1530
7/25/2022,22649.12109,1530,2.698412698,2.264912109,7/25/2022,0,567,0,1530
7/26/2022,21361.12109,1530,2.698412698,2.136112109,7/26/2022,0,567,0,1530
7/27/2022,22986.5293,1530,2.698412698,2.29865293,7/27/2022,0,567,0,1530
7/28/2022,24110.4707,1530,2.698412698,2.41104707,7/28/2022,0,567,0,1530
7/29/2022,24294.78711,1530,2.698412698,2.429478711,7/29/2022,0,567,0,1530
7/30/2022,24572.58008,1530,2.698412698,2.457258008,7/30/2022,0,567,0,1530
7/31/2022,24121.64258,1530,2.698412698,2.412164258,7/31/2022,0,567,0,1530
8/1/2022,23464.78711,1530,2.698412698,2.346478711,8/1/2022,0,567,0,1530
8/2/2022,23415.04102,1530,2.698412698,2.341504102,8/2/2022,0,567,0,1530
8/3/2022,23578.65039,1530,2.698412698,2.357865039,8/3/2022,0,567,0,1530
8/4/2022,23198.00977,1530,2.698412698,2.319800977,8/4/2022,0,567,0,1530
8/5/2022,23422.82813,1530,2.698412698,2.342282813,8/5/2022,0,567,0,1530
8/6/2022,23326.5625,1530,2.698412698,2.33265625,8/6/2022,0,567,0,1530
8/7/2022,23359.00977,1530,2.698412698,2.335900977,8/7/2022,0,567,0,1530
8/8/2022,24203.68945,1530,2.698412698,2.420368945,8/8/2022,0,567,0,1530
8/9/2022,23898.61523,1530,2.698412698,2.389861523,8/9/2022,0,567,0,1530
8/10/2022,24127.41406,1530,2.698412698,2.412741406,8/10/2022,0,567,0,1530
8/11/2022,24822.62891,1530,2.698412698,2.482262891,8/11/2022,0,567,0,1530
8/12/2022,24412.56641,1530,2.698412698,2.441256641,8/12/2022,0,567,0,1530
8/13/2022,24860.05078,1530,2.698412698,2.486005078,8/13/2022,0,567,0,1530
8/14/2022,24974.91406,1530,2.698412698,2.497491406,8/14/2022,0,567,0,1530
8/15/2022,25135.58984,1530,2.698412698,2.513558984,8/15/2022,0,567,0,1530
8/16/2022,24228.41602,1530,2.698412698,2.422841602,8/16/2022,0,567,0,1530
8/17/2022,24407.05859,1530,2.698412698,2.440705859,8/17/2022,0,567,0,1530
8/18/2022,23563.83203,1530,2.698412698,2.356383203,8/18/2022,0,567,0,1530
8/19/2022,23213.3125,1530,2.698412698,2.32133125,8/19/2022,0,567,0,1530
8/20/2022,21350.80664,1530,2.698412698,2.135080664,8/20/2022,0,567,0,1530
8/21/2022,21668.8457,1530,2.698412698,2.16688457,8/21/2022,0,567,0,1530
8/22/2022,21531.46289,1530,2.698412698,2.153146289,8/22/2022,0,567,0,1530
8/23/2022,21646.20313,1530,2.698412698,2.164620313,8/23/2022,0,567,0,1530
8/24/2022,21783.07617,1530,2.698412698,2.178307617,8/24/2022,0,567,0,1530
8/25/2022,21789.63672,1530,2.698412698,2.178963672,8/25/2022,0,567,0,1530
8/26/2022,21804.9082,1530,2.698412698,2.18049082,8/26/2022,0,567,0,1530
8/27/2022,20340.77539,1530,2.698412698,2.034077539,8/27/2022,0,567,0,1530
8/28/2022,20139.05469,1530,2.698412698,2.013905469,8/28/2022,0,567,0,1530
8/29/2022,20357.46289,1530,2.698412698,2.035746289,8/29/2022,0,567,0,1530
8/30/2022,20542.64453,1609,3.237424547,2.054264453,8/30/2022,497,497,1609,1609
8/31/2022,20420.99023,3335,4.1223733,2.042099023,8/31/2022,809,809,3335,3335
9/1/2022,20198.39063,3386,3.950991832,2.019839063,9/1/2022,857,857,3386,3386
9/2/2022,20401.56836,3321,3.641447368,2.040156836,9/2/2022,912,912,3321,3321
9/3/2022,20037.00977,1740,4.405063291,2.003700977,9/3/2022,395,395,1740,1740
9/4/2022,19999.68945,720,3.673469388,1.999968945,9/4/2022,196,196,720,720
9/5/2022,20031.16016,720,3.673469388,2.003116016,9/5/2022,0,196,0,720
9/6/2022,20155.26953,720,3.673469388,2.015526953,9/6/2022,0,196,0,720
9/7/2022,19427.17188,720,3.673469388,1.942717188,9/7/2022,0,196,0,720
9/8/2022,19417.35156,720,3.673469388,1.941735156,9/8/2022,0,196,0,720
9/9/2022,21439.41016,720,3.673469388,2.143941016,9/9/2022,0,196,0,720
9/10/2022,21760.27539,720,3.673469388,2.176027539,9/10/2022,0,196,0,720
9/11/2022,21770.55273,1271,5.550218341,2.177055273,9/11/2022,229,229,1271,1271
9/12/2022,22439.18164,3447,4.715458276,2.243918164,9/12/2022,731,731,3447,3447
9/13/2022,22673.82031,3533,3.730728617,2.267382031,9/13/2022,947,947,3533,3533
9/14/2022,20467.20117,4056,3.25,2.046720117,9/14/2022,1248,1248,4056,4056
9/15/2022,20318.16602,4056,3.25,2.031816602,9/15/2022,0,1248,0,4056
9/16/2022,19870.62891,4056,3.25,1.987062891,9/16/2022,0,1248,0,4056
9/17/2022,20162.53125,4056,3.25,2.016253125,9/17/2022,0,1248,0,4056
9/18/2022,20127.23438,4056,3.25,2.012723438,9/18/2022,0,1248,0,4056
9/19/2022,19639.48047,4056,3.25,1.963948047,9/19/2022,0,1248,0,4056
9/20/2022,19602.45703,4056,3.25,1.960245703,9/20/2022,0,1248,0,4056
9/21/2022,19674.63086,4056,3.25,1.967463086,9/21/2022,0,1248,0,4056
9/22/2022,19456.91016,4056,3.25,1.945691016,9/22/2022,0,1248,0,4056
9/23/2022,19464.67188,4056,3.25,1.946467188,9/23/2022,0,1248,0,4056
9/24/2022,19310.19727,4056,3.25,1.931019727,9/24/2022,0,1248,0,4056
9/25/2022,19134.73242,4056,3.25,1.913473242,9/25/2022,0,1248,0,4056
9/26/2022,19274.87305,4056,3.25,1.927487305,9/26/2022,0,1248,0,4056
9/27/2022,20338.45508,4056,3.25,2.033845508,9/27/2022,0,1248,0,4056
9/28/2022,19688.34375,4056,3.25,1.968834375,9/28/2022,0,1248,0,4056
9/29/2022,19589.26563,4056,3.25,1.958926563,9/29/2022,0,1248,0,4056
9/30/2022,20109.84961,4056,3.25,2.010984961,9/30/2022,0,1248,0,4056
10/1/2022,19471.1543,4056,3.25,1.94711543,10/1/2022,0,1248,0,4056
10/2/2022,19370.30859,4056,3.25,1.937030859,10/2/2022,0,1248,0,4056
10/3/2022,19653.54297,4056,3.25,1.965354297,10/3/2022,0,1248,0,4056
10/4/2022,20380.34375,4056,3.25,2.038034375,10/4/2022,0,1248,0,4056
10/5/2022,20343.74805,4056,3.25,2.034374805,10/5/2022,0,1248,0,4056
10/6/2022,20408.39258,4056,3.25,2.040839258,10/6/2022,0,1248,0,4056
10/7/2022,20041.08594,4056,3.25,2.004108594,10/7/2022,0,1248,0,4056
10/8/2022,19601.69531,4056,3.25,1.960169531,10/8/2022,0,1248,0,4056
10/9/2022,19542.53906,1236,5.15,1.954253906,10/9/2022,240,240,1236,1236
10/10/2022,19515.4668,3222,4.141388175,1.95154668,10/10/2022,778,778,3222,3222
10/11/2022,19241.96094,3024,3.440273038,1.924196094,10/11/2022,879,879,3024,3024
10/12/2022,19203.19922,3273,4.040740741,1.920319922,10/12/2022,810,810,3273,3273
10/13/2022,19453.32813,2087,3.415711948,1.945332813,10/13/2022,611,611,2087,2087
10/14/2022,19889.14648,1507,3.19279661,1.988914648,10/14/2022,472,472,1507,1507
10/15/2022,19212.54102,2961,3.786445013,1.921254102,10/15/2022,782,782,2961,2961
10/16/2022,19389.60352,2961,3.786445013,1.938960352,10/16/2022,0,782,0,2961
10/17/2022,19635.80273,2961,3.786445013,1.963580273,10/17/2022,0,782,0,2961
10/18/2022,19666.99414,2961,3.786445013,1.966699414,10/18/2022,0,782,0,2961
10/19/2022,19348.41602,2961,3.786445013,1.934841602,10/19/2022,0,782,0,2961
10/20/2022,19315.19922,2961,3.786445013,1.931519922,10/20/2022,0,782,0,2961
10/21/2022,19237.38477,2961,3.786445013,1.923738477,10/21/2022,0,782,0,2961
10/22/2022,19248.06836,2961,3.786445013,1.924806836,10/22/2022,0,782,0,2961
10/23/2022,19646.65234,2961,3.786445013,1.964665234,10/23/2022,0,782,0,2961
10/24/2022,19589.125,2961,3.786445013,1.9589125,10/24/2022,0,782,0,2961
10/25/2022,20348.41211,2961,3.786445013,2.034841211,10/25/2022,0,782,0,2961
10/26/2022,20938.13477,2961,3.786445013,2.093813477,10/26/2022,0,782,0,2961
10/27/2022,20854.04492,2961,3.786445013,2.085404492,10/27/2022,0,782,0,2961
10/28/2022,20724.98047,2961,3.786445013,2.072498047,10/28/2022,0,782,0,2961
10/29/2022,20988.39453,2961,3.786445013,2.098839453,10/29/2022,0,782,0,2961
10/30/2022,20917.00586,2961,3.786445013,2.091700586,10/30/2022,0,782,0,2961
10/31/2022,20795.32031,2961,3.786445013,2.079532031,10/31/2022,0,782,0,2961
11/1/2022,20647.28906,2961,3.786445013,2.064728906,11/1/2022,0,782,0,2961
11/2/2022,20742.81055,2961,3.786445013,2.074281055,11/2/2022,0,782,0,2961
11/3/2022,20382.0957,2961,3.786445013,2.03820957,11/3/2022,0,782,0,2961
11/4/2022,21209.56055,2961,3.786445013,2.120956055,11/4/2022,0,782,0,2961
11/5/2022,21446.88672,2961,3.786445013,2.144688672,11/5/2022,0,782,0,2961
11/6/2022,21345.37695,2961,3.786445013,2.134537695,11/6/2022,0,782,0,2961
11/7/2022,21053.24609,1760,3.060869565,2.105324609,11/7/2022,575,575,1760,1760
11/8/2022,20664.60742,1258,1.869242199,2.066460742,11/8/2022,673,673,1258,1258
11/9/2022,18590.45898,2557,2.043964828,1.859045898,11/9/2022,1251,1251,2557,2557
11/10/2022,18054.3125,1517,2.934235977,1.80543125,11/10/2022,517,517,1517,1517
11/11/2022,17650.94336,1908,2.260663507,1.765094336,11/11/2022,844,844,1908,1908
11/12/2022,17066.67578,1908,2.260663507,1.706667578,11/12/2022,0,844,0,1908
11/13/2022,16920.76563,648,2.145695364,1.692076563,11/13/2022,302,302,648,648
11/14/2022,17109.32422,1476,2.833013436,1.710932422,11/14/2022,521,521,1476,1476
11/15/2022,17051.96289,3502,3.016365202,1.705196289,11/15/2022,1161,1161,3502,3502
11/16/2022,16960.29492,3356,2.41612671,1.696029492,11/16/2022,1389,1389,3356,3356
11/17/2022,16726.43945,3356,2.41612671,1.672643945,11/17/2022,0,1389,0,3356
11/18/2022,16947.05859,3356,2.41612671,1.694705859,11/18/2022,0,1389,0,3356
11/19/2022,16797.87695,3356,2.41612671,1.679787695,11/19/2022,0,1389,0,3356
11/20/2022,16746.7793,548,1.964157706,1.67467793,11/20/2022,279,279,548,548
11/21/2022,16291.22363,2409,2.270499529,1.629122363,11/21/2022,1061,1061,2409,2409
11/22/2022,16253.04785,2409,2.270499529,1.625304785,11/22/2022,0,1061,0,2409
11/23/2022,16638.19336,2409,2.270499529,1.663819336,11/23/2022,0,1061,0,2409
11/24/2022,16771.47461,2409,2.270499529,1.677147461,11/24/2022,0,1061,0,2409
11/25/2022,16603.31641,2409,2.270499529,1.660331641,11/25/2022,0,1061,0,2409
11/26/2022,16666.86328,2409,2.270499529,1.666686328,11/26/2022,0,1061,0,2409
11/27/2022,16594.40625,2409,2.270499529,1.659440625,11/27/2022,0,1061,0,2409
11/28/2022,16482.93359,2409,2.270499529,1.648293359,11/28/2022,0,1061,0,2409
11/29/2022,16522.25781,2409,2.270499529,1.652225781,11/29/2022,0,1061,0,2409
11/30/2022,17190.9375,2409,2.270499529,1.71909375,11/30/2022,0,1061,0,2409
12/1/2022,17197.49805,2409,2.270499529,1.719749805,12/1/2022,0,1061,0,2409
12/2/2022,17088.66016,2409,2.270499529,1.708866016,12/2/2022,0,1061,0,2409
12/3/2022,17116.04102,2409,2.270499529,1.711604102,12/3/2022,0,1061,0,2409
12/4/2022,17157.76758,2409,2.270499529,1.715776758,12/4/2022,0,1061,0,2409
12/5/2022,17378.15234,2409,2.270499529,1.737815234,12/5/2022,0,1061,0,2409
12/6/2022,17091.86328,2409,2.270499529,1.709186328,12/6/2022,0,1061,0,2409
12/7/2022,17109.37695,2409,2.270499529,1.710937695,12/7/2022,0,1061,0,2409
12/8/2022,17267.91602,2409,2.270499529,1.726791602,12/8/2022,0,1061,0,2409
12/9/2022,17280.54688,2409,2.270499529,1.728054688,12/9/2022,0,1061,0,2409
12/10/2022,17216.82617,2409,2.270499529,1.721682617,12/10/2022,0,1061,0,2409
12/11/2022,17245.63477,2409,2.270499529,1.724563477,12/11/2022,0,1061,0,2409
12/12/2022,17212.56445,2409,2.270499529,1.721256445,12/12/2022,0,1061,0,2409
12/13/2022,17930.08594,2409,2.270499529,1.793008594,12/13/2022,0,1061,0,2409
12/14/2022,18318.53125,2409,2.270499529,1.831853125,12/14/2022,0,1061,0,2409
12/15/2022,17846.74414,2409,2.270499529,1.784674414,12/15/2022,0,1061,0,2409
12/16/2022,17505.52539,2409,2.270499529,1.750552539,12/16/2022,0,1061,0,2409
12/17/2022,16800.58984,2409,2.270499529,1.680058984,12/17/2022,0,1061,0,2409
12/18/2022,16815.38672,2409,2.270499529,1.681538672,12/18/2022,0,1061,0,2409
12/19/2022,16807.52734,2409,2.270499529,1.680752734,12/19/2022,0,1061,0,2409
12/20/2022,17012.98438,2409,2.270499529,1.701298438,12/20/2022,0,1061,0,2409
12/21/2022,16916.80078,2409,2.270499529,1.691680078,12/21/2022,0,1061,0,2409
12/22/2022,16866.67383,2409,2.270499529,1.686667383,12/22/2022,0,1061,0,2409
12/23/2022,16905.21875,2409,2.270499529,1.690521875,12/23/2022,0,1061,0,2409
12/24/2022,16864.70313,736,4.205714286,1.686470313,12/24/2022,175,175,736,736
12/25/2022,16860.55469,1879,3.228522337,1.686055469,12/25/2022,582,582,1879,1879
12/26/2022,16920.12305,67,3.722222222,1.692012305,12/26/2022,18,18,67,67
12/27/2022,16959.8457,2195,3.176555716,1.69598457,12/27/2022,691,691,2195,2195
12/28/2022,16768.16992,2195,3.176555716,1.676816992,12/28/2022,0,691,0,2195
12/29/2022,16651.75586,2195,3.176555716,1.665175586,12/29/2022,0,691,0,2195
12/30/2022,16643.42773,2195,3.176555716,1.664342773,12/30/2022,0,691,0,2195
12/31/2022,16628.98633,2195,3.176555716,1.662898633,12/31/2022,0,691,0,2195
1/1/2023,16630.43945,2195,3.176555716,1.663043945,1/1/2023,0,691,0,2195
1/2/2023,16759.34375,2195,3.176555716,1.675934375,1/2/2023,0,691,0,2195
1/3/2023,16760.44727,2195,3.176555716,1.676044727,1/3/2023,0,691,0,2195
1/4/2023,16964.58594,2195,3.176555716,1.696458594,1/4/2023,0,691,0,2195
1/5/2023,16884.02148,2195,3.176555716,1.688402148,1/5/2023,0,691,0,2195
1/6/2023,16991.99414,485,3.233333333,1.699199414,1/6/2023,150,150,485,485
1/7/2023,16975.01758,2602,3.564383562,1.697501758,1/7/2023,730,730,2602,2602
1/8/2023,17091.14453,491,3.188311688,1.709114453,1/8/2023,154,154,491,491
1/9/2023,17389.95703,3398,3.418511066,1.738995703,1/9/2023,994,994,3398,3398
